country,qdate,realgdp,dateid,invratio,schooling,industry,inflation,openness,realgdppercap,,
Australia,2009q1,1.04,57,0.26,11.54,0.32,0.37,39.21,0.50,,
Austria,2009q1,-1.53,57,0.23,9.48,0.20,0.46,91.55,-1.55,,
Belgium,2009q1,-1.15,57,0.23,10.67,0.19,0.54,137.16,-1.25,,
Canada,2009q1,-2.28,57,0.22,12.22,0.34,0.19,71.31,-2.45,,
Denmark,2009q1,-1.42,57,0.20,11.19,0.31,-0.36,83.44,-1.50,,
Finland,2009q1,-6.80,57,0.22,10.22,0.28,0.16,71.83,-6.90,,
France,2009q1,-1.67,57,0.22,10.05,0.25,0.16,52.06,-1.77,,
Germany,2009q1,-4.49,57,0.19,11.97,0.24,0.29,66.16,-4.31,,
Greece,2009q1,-4.74,57,0.21,9.77,0.25,-1.38,49.84,-4.80,,
Iceland,2009q1,-7.61,57,0.15,10.04,0.20,0.46,71.75,-7.58,,
Ireland,2009q1,-0.34,57,0.21,11.73,0.27,0.57,148.51,-0.96,,
Italy,2009q1,-2.75,57,0.20,9.00,0.21,0.43,47.96,-2.89,,
Japan,2009q1,-4.88,57,0.23,11.17,0.25,0.03,24.32,-4.82,,
Luxembourg,2009q1,-0.68,57,0.18,10.30,0.26,0.07,279.75,-0.82,,
Netherlands,2009q1,-3.17,57,0.21,10.98,0.25,0.00,119.42,-3.67,,
New Zealand,2009q1,-1.18,57,0.19,11.65,0.15,0.62,57.37,-0.96,,
Norway,2009q1,-0.81,57,0.22,12.07,0.25,-0.04,69.69,-1.08,,
Portugal,2009q1,-2.30,57,0.21,6.64,0.25,-0.08,62.64,-2.32,,
Spain,2009q1,-1.60,57,0.22,10.16,0.33,-0.11,53.69,-1.74,,
Sweden,2009q1,-2.52,57,0.23,12.09,0.21,-0.20,79.14,-2.66,,
Switzerland,2009q1,-1.55,57,0.22,10.84,0.25,-0.61,94.30,-2.76,,
United Kingdom,2009q1,-1.60,57,0.15,11.03,0.12,0.04,49.66,-1.84,,
United States,2009q1,-1.39,57,0.18,13.13,0.32,0.35,24.34,-1.32,,
Australia,2009q2,1.61,58,0.26,11.54,0.20,0.97,39.92,0.18,,
Austria,2009q2,-2.56,58,0.23,9.48,0.19,0.20,95.84,-1.07,,
Belgium,2009q2,-1.26,58,0.23,10.67,0.34,0.95,143.87,-0.30,,
Canada,2009q2,-3.39,58,0.22,12.22,0.30,0.87,69.41,-1.35,,
Denmark,2009q2,-3.36,58,0.20,11.19,0.27,0.20,91.12,-2.01,,
Finland,2009q2,-7.35,58,0.22,10.22,0.25,0.00,77.51,-0.67,,
France,2009q2,-1.83,58,0.22,10.05,0.24,0.34,54.40,-0.27,,
Germany,2009q2,-4.41,58,0.19,11.97,0.25,0.69,71.16,0.17,,
Greece,2009q2,-1.99,58,0.21,9.77,0.18,-0.84,51.11,2.69,,
Iceland,2009q2,-6.22,58,0.15,10.04,0.27,1.03,72.81,1.42,,
Ireland,2009q2,-0.22,58,0.21,11.73,0.26,0.82,153.41,-0.06,,
Italy,2009q2,-3.55,58,0.20,9.00,0.25,0.60,49.89,-0.90,,
Japan,2009q2,-2.77,58,0.23,11.17,0.33,-0.17,26.98,2.13,,
Luxembourg,2009q2,-2.02,58,0.18,10.30,0.18,0.44,300.18,-1.80,,
Netherlands,2009q2,-3.39,58,0.21,10.98,0.15,0.22,124.04,-0.12,,
New Zealand,2009q2,-1.18,58,0.19,11.65,0.25,1.12,58.21,0.94,,
Norway,2009q2,-1.69,58,0.22,12.07,0.20,0.20,71.67,-1.15,,
Portugal,2009q2,-2.17,58,0.21,6.64,0.20,0.59,62.99,0.11,,
Spain,2009q2,-2.57,58,0.22,10.16,0.21,0.10,54.27,-1.10,,
Sweden,2009q2,-2.46,58,0.23,12.09,0.25,0.03,85.78,-0.14,,
Switzerland,2009q2,-1.79,58,0.22,10.84,0.12,-0.49,99.34,-0.24,,
United Kingdom,2009q2,-1.82,58,0.15,11.03,0.32,0.50,52.80,-0.36,,
United States,2009q2,-1.52,58,0.18,13.13,0.20,1.22,25.39,-0.35,,
Australia,2009q3,1.89,59,0.26,11.54,0.19,0.93,42.52,-0.19,,
Austria,2009q3,-2.33,59,0.23,9.48,0.34,0.13,98.77,0.17,,
Belgium,2009q3,-0.15,59,0.23,10.67,0.30,0.44,147.81,0.88,,
Canada,2009q3,-2.94,59,0.22,12.22,0.20,0.06,68.00,0.10,,
Denmark,2009q3,-3.02,59,0.20,11.19,0.28,0.08,97.33,0.18,,
Finland,2009q3,-6.53,59,0.22,10.22,0.24,0.20,84.57,0.69,,
France,2009q3,-1.62,59,0.22,10.05,0.25,0.12,55.78,0.04,,
Germany,2009q3,-3.82,59,0.19,11.97,0.18,0.32,77.19,0.64,,
Greece,2009q3,-2.74,59,0.21,9.77,0.20,-0.63,54.61,-0.81,,
Iceland,2009q3,-5.70,59,0.15,10.04,0.26,2.12,78.10,0.77,,
Ireland,2009q3,-1.71,59,0.21,11.73,0.21,1.19,147.70,-1.56,,
Italy,2009q3,-2.98,59,0.20,9.00,0.33,0.54,53.42,0.46,,
Japan,2009q3,-2.75,59,0.23,11.17,0.20,0.27,30.99,0.08,,
Luxembourg,2009q3,-0.55,59,0.18,10.30,0.27,0.07,321.25,1.15,,
Netherlands,2009q3,-3.12,59,0.21,10.98,0.25,0.08,128.25,0.26,,
New Zealand,2009q3,-0.79,59,0.19,11.65,0.22,0.70,61.68,0.31,,
Norway,2009q3,-1.63,59,0.22,12.07,0.24,0.04,72.05,-0.25,,
Portugal,2009q3,-1.23,59,0.21,6.64,0.22,-0.08,68.73,0.91,,
Spain,2009q3,-2.88,59,0.22,10.16,0.26,-0.29,54.42,-0.45,,
Sweden,2009q3,-2.39,59,0.23,12.09,0.11,0.10,88.22,-0.22,,
Switzerland,2009q3,-0.90,59,0.22,10.84,0.32,-0.59,103.55,0.89,,
United Kingdom,2009q3,-1.67,59,0.15,11.03,0.20,0.62,52.66,-0.06,,
United States,2009q3,-1.19,59,0.18,13.13,0.19,0.56,27.08,0.13,,
Australia,2009q4,2.59,60,0.26,11.54,0.35,0.68,41.48,0.33,,
Austria,2009q4,-1.24,60,0.23,9.48,0.29,0.16,101.11,1.01,,
Belgium,2009q4,0.70,60,0.23,10.67,0.20,0.33,152.89,0.57,,
Canada,2009q4,-1.75,60,0.22,12.22,0.32,0.00,65.47,0.80,,
Denmark,2009q4,-2.93,60,0.20,11.19,0.24,-0.38,100.11,-0.05,,
Finland,2009q4,-6.70,60,0.22,10.22,0.26,0.22,84.30,-0.29,,
France,2009q4,-1.00,60,0.22,10.05,0.18,0.22,56.63,0.55,,
Germany,2009q4,-2.90,60,0.19,11.97,0.20,0.52,79.89,0.92,,
Greece,2009q4,-2.58,60,0.21,9.77,0.25,-0.57,59.46,0.11,,
Iceland,2009q4,-7.81,60,0.15,10.04,0.21,1.32,69.15,-1.83,,
Ireland,2009q4,-1.78,60,0.21,11.73,0.26,0.96,159.57,-0.53,,
Italy,2009q4,-2.58,60,0.20,9.00,0.20,0.58,55.99,0.29,,
Japan,2009q4,-1.32,60,0.23,11.17,0.24,0.21,33.40,1.41,,
Luxembourg,2009q4,1.01,60,0.18,10.30,0.14,0.00,339.65,0.97,,
Netherlands,2009q4,-2.62,60,0.21,10.98,0.22,-0.41,130.19,0.42,,
New Zealand,2009q4,0.30,60,0.19,11.65,0.24,0.49,56.12,0.72,,
Norway,2009q4,-1.57,60,0.22,12.07,0.20,-0.12,72.54,-0.28,,
Portugal,2009q4,-1.24,60,0.21,6.64,0.28,-0.44,70.20,-0.04,,
Spain,2009q4,-2.94,60,0.22,10.16,0.11,-0.32,57.23,-0.21,,
Sweden,2009q4,-1.82,60,0.23,12.09,0.32,0.23,90.94,0.31,,
Switzerland,2009q4,-0.66,60,0.22,10.84,0.20,-0.48,115.36,0.24,,
United Kingdom,2009q4,-1.40,60,0.15,11.03,0.19,0.00,52.12,0.15,,
United States,2009q4,-0.23,60,0.18,13.13,0.35,0.28,28.05,0.86,,
Australia,2010q1,3.09,61,0.26,11.77,0.29,1.20,47.40,0.05,,
Austria,2010q1,-1.93,61,0.22,9.89,0.20,0.28,103.26,-0.70,,
Belgium,2010q1,1.17,61,0.22,10.78,0.32,0.83,165.77,0.30,,
Canada,2010q1,-0.56,61,0.24,12.56,0.27,1.05,68.18,1.04,,
Denmark,2010q1,-2.06,61,0.18,11.53,0.25,0.26,106.24,0.81,,
Finland,2010q1,-6.27,61,0.22,11.82,0.18,0.71,87.56,0.31,,
France,2010q1,-0.55,61,0.22,10.64,0.20,0.16,58.35,0.30,,
Germany,2010q1,-2.16,61,0.19,12.69,0.25,0.71,82.47,0.90,,
Greece,2010q1,-4.20,61,0.18,10.26,0.26,-0.59,62.07,-1.64,,
Iceland,2010q1,-11.22,61,0.14,10.59,0.26,2.92,86.59,-3.54,,
Ireland,2010q1,-0.33,61,0.18,12.20,0.33,0.72,159.07,1.93,,
Italy,2010q1,-2.16,61,0.20,9.54,0.24,0.98,55.43,0.32,,
Japan,2010q1,-0.43,61,0.21,11.52,0.26,0.95,37.87,0.92,,
Luxembourg,2010q1,2.52,61,0.18,11.22,0.25,0.35,358.04,1.06,,
Netherlands,2010q1,-2.68,61,0.20,11.60,0.24,0.43,134.17,-0.29,,
New Zealand,2010q1,0.55,61,0.20,11.30,0.20,1.51,66.49,0.76,,
Norway,2010q1,0.40,61,0.21,11.80,0.22,1.30,74.76,1.63,,
Portugal,2010q1,-0.28,61,0.21,7.20,0.35,-0.26,73.92,0.94,,
Spain,2010q1,-2.64,61,0.22,10.30,0.32,-0.03,56.80,0.24,,
Sweden,2010q1,0.55,61,0.23,11.89,0.20,0.70,93.62,2.21,,
Switzerland,2010q1,0.46,61,0.25,13.42,0.19,-0.20,118.87,0.08,,
United Kingdom,2010q1,-0.86,61,0.15,12.32,0.35,1.16,57.54,0.25,,
United States,2010q1,0.21,61,0.18,13.42,0.29,1.16,31.13,0.18,,
Australia,2010q2,3.75,62,0.26,11.77,0.20,0.97,39.59,0.34,,
Austria,2010q2,-0.26,62,0.22,9.89,0.32,0.03,86.47,1.60,,
Belgium,2010q2,2.18,62,0.22,10.78,0.27,-0.10,137.01,0.81,,
Canada,2010q2,-0.05,62,0.24,12.56,0.27,0.12,57.81,0.27,,
Denmark,2010q2,-1.38,62,0.18,11.53,0.26,0.04,90.46,0.59,,
Finland,2010q2,-3.45,62,0.22,11.82,0.20,-0.28,68.81,2.74,,
France,2010q2,0.03,62,0.22,10.64,0.25,-0.05,50.15,0.41,,
Germany,2010q2,-0.12,62,0.19,12.69,0.26,0.20,70.47,2.09,,
Greece,2010q2,-7.30,62,0.18,10.26,0.21,-0.57,48.41,-3.12,,
Iceland,2010q2,-11.09,62,0.14,10.59,0.33,2.09,96.01,0.13,,
Ireland,2010q2,0.57,62,0.18,12.20,0.20,-1.00,172.90,0.78,,
Italy,2010q2,-1.61,62,0.20,9.54,0.26,0.24,45.36,0.45,,
Japan,2010q2,0.80,62,0.21,11.52,0.18,-0.31,25.54,1.25,,
Luxembourg,2010q2,4.44,62,0.18,11.22,0.22,0.31,301.60,1.60,,
Netherlands,2010q2,-2.10,62,0.20,11.60,0.20,-0.89,117.75,0.34,,
New Zealand,2010q2,1.43,62,0.20,11.30,0.22,1.30,54.69,0.39,,
Norway,2010q2,-0.67,62,0.21,11.80,0.28,0.00,67.35,-1.37,,
Portugal,2010q2,0.28,62,0.21,7.20,0.21,-0.67,62.12,0.56,,
Spain,2010q2,-2.46,62,0.22,10.30,0.20,-0.42,47.92,0.10,,
Sweden,2010q2,2.73,62,0.23,11.89,0.19,-0.15,83.29,2.00,,
Switzerland,2010q2,1.51,62,0.25,13.42,0.35,-0.42,104.89,1.06,,
United Kingdom,2010q2,0.04,62,0.15,12.32,0.29,0.46,53.61,0.66,,
United States,2010q2,1.17,62,0.18,13.42,0.20,0.68,25.02,0.74,,
Australia,2010q3,4.35,63,0.26,11.77,0.32,0.73,42.53,0.30,,
Austria,2010q3,0.71,63,0.22,9.89,0.27,-0.12,100.48,0.90,,
Belgium,2010q3,2.63,63,0.22,10.78,0.27,0.32,153.87,0.17,,
Canada,2010q3,0.67,63,0.24,12.56,0.24,0.55,60.65,0.37,,
Denmark,2010q3,0.21,63,0.18,11.53,0.18,0.21,95.62,1.42,,
Finland,2010q3,-3.88,63,0.22,11.82,0.26,-0.14,79.24,-0.57,,
France,2010q3,0.67,63,0.22,10.64,0.25,-0.12,55.57,0.49,,
Germany,2010q3,0.70,63,0.19,12.69,0.21,0.20,80.48,0.82,,
Greece,2010q3,-10.82,63,0.18,10.26,0.26,-0.22,51.04,-3.53,,
Iceland,2010q3,-11.10,63,0.14,10.59,0.20,-0.57,95.42,-0.11,,
Ireland,2010q3,1.49,63,0.18,12.20,0.26,0.52,194.69,0.58,,
Italy,2010q3,-1.09,63,0.20,9.54,0.18,0.45,53.02,0.42,,
Japan,2010q3,2.62,63,0.21,11.52,0.27,-0.55,28.59,1.35,,
Luxembourg,2010q3,4.51,63,0.18,11.22,0.26,0.45,317.75,-0.61,,
Netherlands,2010q3,-1.73,63,0.20,11.60,0.22,-0.31,132.39,0.31,,
New Zealand,2010q3,1.29,63,0.20,11.30,0.27,1.09,57.21,-1.51,,
Norway,2010q3,-3.15,63,0.21,11.80,0.35,-0.72,68.33,-2.82,,
Portugal,2010q3,0.46,63,0.21,7.20,0.28,0.27,67.11,0.19,,
Spain,2010q3,-2.41,63,0.22,10.30,0.19,-0.07,52.86,-0.05,,
Sweden,2010q3,4.01,63,0.23,11.89,0.37,0.05,88.26,1.02,,
Switzerland,2010q3,1.89,63,0.25,13.42,0.30,-1.07,115.01,0.38,,
United Kingdom,2010q3,0.50,63,0.15,12.32,0.19,0.33,58.54,0.37,,
United States,2010q3,1.85,63,0.18,13.42,0.32,0.09,28.39,0.54,,
Australia,2010q4,5.37,64,0.26,11.77,0.27,0.60,43.68,0.70,,
Austria,2010q4,1.13,64,0.22,9.89,0.27,0.10,105.07,0.34,,
Belgium,2010q4,3.04,64,0.22,10.78,0.23,0.47,165.94,0.12,,
Canada,2010q4,1.80,64,0.24,12.56,0.25,0.19,62.71,0.76,,
Denmark,2010q4,-0.02,64,0.18,11.53,0.20,-0.10,102.51,-0.37,,
Finland,2010q4,-1.88,64,0.22,11.82,0.25,0.33,78.62,1.87,,
France,2010q4,1.25,64,0.22,10.64,0.21,-0.05,58.79,0.55,,
Germany,2010q4,1.53,64,0.19,12.69,0.26,0.39,84.95,0.80,,
Greece,2010q4,-12.00,64,0.18,10.26,0.33,-1.32,59.32,-1.19,,
Iceland,2010q4,-8.25,64,0.14,10.59,0.26,1.14,107.26,2.75,,
Ireland,2010q4,1.28,64,0.18,12.20,0.25,0.14,186.68,-0.71,,
Italy,2010q4,-0.44,64,0.20,9.54,0.27,0.59,55.94,0.53,,
Japan,2010q4,1.89,64,0.21,11.52,0.14,-0.03,31.06,-0.74,,
Luxembourg,2010q4,5.40,64,0.18,11.22,0.20,0.02,323.40,0.43,,
Netherlands,2010q4,-0.48,64,0.20,11.60,0.27,0.43,142.50,0.96,,
New Zealand,2010q4,0.67,64,0.20,11.30,0.35,0.43,58.30,-1.37,,
Norway,2010q4,-0.34,64,0.21,11.80,0.21,-0.68,69.29,2.47,,
Portugal,2010q4,0.18,64,0.21,7.20,0.11,-0.27,73.28,-0.29,,
Spain,2010q4,-2.41,64,0.22,10.30,0.37,-0.48,58.54,-0.14,,
Sweden,2010q4,5.83,64,0.23,11.89,0.30,0.11,89.24,1.60,,
Switzerland,2010q4,2.61,64,0.25,13.42,0.19,-1.08,120.04,0.71,,
United Kingdom,2010q4,0.57,64,0.15,12.32,0.32,0.54,62.68,-0.08,,
United States,2010q4,2.48,64,0.18,13.42,0.27,0.41,31.17,0.30,,
Australia,2011q1,5.14,65,0.28,11.77,0.27,1.39,41.43,-0.70,,
Austria,2011q1,2.69,65,0.22,9.89,0.23,0.22,105.30,1.45,,
Belgium,2011q1,3.70,65,0.22,10.78,0.25,0.36,163.87,0.49,,
Canada,2011q1,2.54,65,0.24,12.56,0.26,-0.16,61.85,0.64,,
Denmark,2011q1,0.20,65,0.18,11.53,0.26,0.17,102.98,0.16,,
Finland,2011q1,-1.30,65,0.22,11.82,0.21,0.12,80.35,0.52,,
France,2011q1,2.30,65,0.22,10.64,0.27,-0.07,59.85,0.94,,
Germany,2011q1,3.30,65,0.20,12.69,0.33,0.55,86.37,1.83,,
Greece,2011q1,-14.88,65,0.15,10.26,0.20,-1.52,62.03,-2.83,,
Iceland,2011q1,-10.33,65,0.15,10.59,0.25,-0.25,104.83,-2.26,,
Ireland,2011q1,3.65,65,0.17,12.20,0.18,0.13,195.39,3.09,,
Italy,2011q1,-0.13,65,0.19,9.54,0.14,0.47,57.00,0.21,,
Japan,2011q1,0.38,65,0.22,11.52,0.25,-0.59,30.46,-1.26,,
Luxembourg,2011q1,7.13,65,0.20,11.22,0.22,0.13,348.82,1.13,,
Netherlands,2011q1,0.16,65,0.20,11.60,0.35,0.51,150.00,0.48,,
New Zealand,2011q1,1.77,65,0.20,11.30,0.21,0.26,57.99,1.49,,
Norway,2011q1,-0.30,65,0.22,11.80,0.28,-0.71,67.97,-0.27,,
Portugal,2011q1,-0.57,65,0.18,7.20,0.34,-0.17,76.37,-0.70,,
Spain,2011q1,-2.77,65,0.23,10.30,0.30,0.30,60.74,-0.42,,
Sweden,2011q1,5.73,65,0.23,11.89,0.19,-0.38,87.00,-0.24,,
Switzerland,2011q1,2.99,65,0.28,13.42,0.32,-0.59,129.75,0.17,,
United Kingdom,2011q1,1.16,65,0.15,12.32,0.27,0.31,60.08,0.54,,
United States,2011q1,2.09,65,0.18,13.42,0.27,0.22,30.53,-0.41,,
Australia,2011q2,6.20,66,0.28,11.77,0.23,1.17,43.01,0.75,,
Austria,2011q2,2.82,66,0.22,9.89,0.25,-0.09,104.25,0.06,,
Belgium,2011q2,3.99,66,0.22,10.78,0.26,0.24,162.57,0.11,,
Canada,2011q2,2.72,66,0.24,12.56,0.18,0.22,62.12,0.00,,
Denmark,2011q2,1.20,66,0.18,11.53,0.25,-0.17,103.79,0.93,,
Finland,2011q2,-1.51,66,0.22,11.82,0.27,-0.04,79.54,-0.35,,
France,2011q2,2.31,66,0.22,10.64,0.33,0.06,59.86,-0.07,,
Germany,2011q2,3.47,66,0.20,12.69,0.20,0.66,84.75,0.19,,
Greece,2011q2,-16.42,66,0.15,10.26,0.26,-2.07,65.38,-1.47,,
Iceland,2011q2,-9.98,66,0.15,10.59,0.18,0.42,102.53,0.32,,
Ireland,2011q2,4.02,66,0.17,12.20,0.27,-0.03,188.85,0.31,,
Italy,2011q2,-0.07,66,0.19,9.54,0.25,0.44,55.82,-0.01,,
Japan,2011q2,-0.15,66,0.22,11.52,0.22,0.55,34.58,-0.60,,
Luxembourg,2011q2,6.26,66,0.20,11.22,0.27,0.02,343.63,-1.43,,
Netherlands,2011q2,0.07,66,0.20,11.60,0.21,0.53,149.03,-0.18,,
New Zealand,2011q2,2.44,66,0.20,11.30,0.28,0.94,56.71,0.82,,
Norway,2011q2,-0.72,66,0.22,11.80,0.11,0.31,68.55,-0.74,,
Portugal,2011q2,-1.03,66,0.18,7.20,0.20,-0.44,78.70,-0.40,,
Spain,2011q2,-3.25,66,0.23,10.30,0.19,-0.21,61.58,-0.56,,
Sweden,2011q2,6.03,66,0.23,11.89,0.32,-0.01,83.56,0.13,,
Switzerland,2011q2,3.57,66,0.28,13.42,0.27,-0.20,130.80,0.33,,
United Kingdom,2011q2,1.31,66,0.15,12.32,0.27,0.31,60.82,-0.06,,
United States,2011q2,2.82,66,0.18,13.42,0.23,0.38,30.10,0.55,,
Australia,2011q3,7.51,67,0.28,11.77,0.25,0.47,41.30,0.90,,
Austria,2011q3,2.99,67,0.22,9.89,0.26,-0.18,103.41,0.05,,
Belgium,2011q3,4.21,67,0.22,10.78,0.18,-0.09,166.18,-0.05,,
Canada,2011q3,4.11,67,0.24,12.56,0.20,0.08,64.16,1.06,,
Denmark,2011q3,-0.04,67,0.18,11.53,0.20,-0.20,102.89,-1.37,,
Finland,2011q3,-1.20,67,0.22,11.82,0.33,0.13,76.62,0.15,,
France,2011q3,2.54,67,0.22,10.64,0.20,-0.17,60.62,0.09,,
Germany,2011q3,3.95,67,0.20,12.69,0.25,0.44,84.90,0.43,,
Greece,2011q3,-18.47,67,0.15,10.26,0.23,-1.21,68.56,-1.97,,
Iceland,2011q3,-6.83,67,0.15,10.59,0.28,0.22,101.73,3.18,,
Ireland,2011q3,3.64,67,0.17,12.20,0.14,-0.07,213.49,0.02,,
Italy,2011q3,-0.65,67,0.19,9.54,0.21,-0.06,56.08,-0.65,,
Japan,2011q3,2.29,67,0.22,11.52,0.25,0.33,37.67,2.46,,
Luxembourg,2011q3,7.07,67,0.20,11.22,0.35,-0.23,390.99,0.11,,
Netherlands,2011q3,0.09,67,0.20,11.60,0.28,0.47,151.69,-0.12,,
New Zealand,2011q3,3.35,67,0.20,11.30,0.11,0.33,54.20,1.08,,
Norway,2011q3,0.89,67,0.22,11.80,0.34,0.58,69.28,1.24,,
Portugal,2011q3,-1.77,67,0.18,7.20,0.19,-0.65,80.49,-0.68,,
Spain,2011q3,-3.66,67,0.23,10.30,0.32,-0.76,63.79,-0.51,,
Sweden,2011q3,7.00,67,0.23,11.89,0.27,-0.19,86.60,0.73,,
Switzerland,2011q3,3.35,67,0.28,13.42,0.27,-0.30,113.59,-0.53,,
United Kingdom,2011q3,1.69,67,0.15,12.32,0.22,0.10,57.03,0.10,,
United States,2011q3,3.03,67,0.18,13.42,0.24,0.11,29.89,-0.23,,
Australia,2011q4,8.61,68,0.28,11.77,0.26,0.47,42.13,0.69,,
Austria,2011q4,3.21,68,0.22,9.89,0.18,-0.27,102.31,0.12,,
Belgium,2011q4,4.28,68,0.22,10.78,0.20,0.22,157.49,-0.10,,
Canada,2011q4,4.90,68,0.24,12.56,0.26,0.37,66.20,0.42,,
Denmark,2011q4,0.78,68,0.18,11.53,0.26,-0.20,104.30,0.69,,
Finland,2011q4,-1.16,68,0.22,11.82,0.20,-0.08,72.84,-0.08,,
France,2011q4,2.64,68,0.22,10.64,0.25,-0.30,61.75,0.13,,
Germany,2011q4,3.97,68,0.20,12.69,0.23,0.09,86.07,-0.06,,
Greece,2011q4,-22.46,68,0.15,10.26,0.18,-0.88,56.91,-3.90,,
Iceland,2011q4,-6.48,68,0.15,10.59,0.14,0.65,96.20,0.20,,
Ireland,2011q4,3.43,68,0.17,12.20,0.25,0.17,220.00,-0.15,,
Italy,2011q4,-1.56,68,0.19,9.54,0.25,0.06,56.27,-1.01,,
Japan,2011q4,2.13,68,0.22,11.52,0.20,-0.07,36.02,-0.07,,
Luxembourg,2011q4,6.62,68,0.20,11.22,0.21,-0.21,408.01,-1.15,,
Netherlands,2011q4,-0.65,68,0.20,11.60,0.11,0.32,152.50,-0.77,,
New Zealand,2011q4,3.85,68,0.20,11.30,0.34,0.33,56.47,0.61,,
Norway,2011q4,0.95,68,0.22,11.80,0.20,0.37,70.01,-0.27,,
Portugal,2011q4,-3.36,68,0.18,7.20,0.37,-0.60,79.94,-1.51,,
Spain,2011q4,-4.25,68,0.23,10.30,0.27,-0.92,63.94,-0.72,,
Sweden,2011q4,5.32,68,0.23,11.89,0.27,-0.05,86.64,-1.85,,
Switzerland,2011q4,3.87,68,0.28,13.42,0.22,-0.56,111.85,0.21,,
United Kingdom,2011q4,1.88,68,0.15,12.32,0.24,0.20,55.11,0.00,,
United States,2011q4,4.16,68,0.18,13.42,0.26,0.26,27.67,0.96,,
Australia,2012q1,9.64,69,0.28,11.77,0.18,0.74,40.06,0.47,,
Austria,2012q1,3.93,69,0.22,9.89,0.20,-0.13,101.20,0.63,,
Belgium,2012q1,4.47,69,0.22,10.78,0.26,0.19,166.59,0.03,,
Canada,2012q1,4.93,69,0.25,12.56,0.26,0.05,64.53,-0.16,,
Denmark,2012q1,0.71,69,0.19,11.53,0.33,-0.17,99.84,-0.12,,
Finland,2012q1,-1.16,69,0.22,11.82,0.25,0.04,72.76,-0.13,,
France,2012q1,2.70,69,0.22,10.64,0.23,-0.02,61.45,-0.05,,
Germany,2012q1,4.28,69,0.20,12.69,0.18,0.47,83.73,0.28,,
Greece,2012q1,-23.54,69,0.13,10.26,0.28,-0.92,62.46,-0.97,,
Iceland,2012q1,-6.80,69,0.16,10.59,0.25,0.34,90.04,-0.48,,
Ireland,2012q1,3.46,69,0.20,12.20,0.21,0.17,228.04,-0.19,,
Italy,2012q1,-2.43,69,0.18,9.54,0.20,0.43,56.60,-0.99,,
Japan,2012q1,3.32,69,0.22,11.52,0.21,-0.23,30.60,1.27,,
Luxembourg,2012q1,5.41,69,0.21,11.22,0.28,-0.06,411.75,-1.59,,
Netherlands,2012q1,-0.83,69,0.19,11.60,0.34,0.32,149.12,-0.23,,
New Zealand,2012q1,4.74,69,0.21,11.30,0.20,0.33,51.24,-0.06,,
Norway,2012q1,3.08,69,0.23,11.80,0.19,0.87,67.96,1.83,,
Portugal,2012q1,-3.79,69,0.16,7.20,0.30,-0.40,78.96,-0.32,,
Spain,2012q1,-5.12,69,0.23,10.30,0.27,-0.15,62.39,-0.84,,
Sweden,2012q1,5.74,69,0.24,11.89,0.22,0.17,84.08,0.29,,
Switzerland,2012q1,3.83,69,0.27,13.42,0.24,-0.35,118.82,-0.29,,
United Kingdom,2012q1,2.52,69,0.16,12.32,0.26,0.40,58.87,0.48,,
United States,2012q1,4.82,69,0.19,13.42,0.18,0.33,26.64,0.62,,
Australia,2012q2,10.64,70,0.28,11.77,0.20,0.63,42.14,0.58,,
Austria,2012q2,3.24,70,0.22,9.89,0.26,0.06,103.84,-0.75,,
Belgium,2012q2,4.28,70,0.22,10.78,0.26,0.17,166.80,-0.28,,
Canada,2012q2,5.26,70,0.25,12.56,0.20,0.10,62.23,0.08,,
Denmark,2012q2,0.78,70,0.19,11.53,0.20,0.53,103.58,0.02,,
Finland,2012q2,-2.81,70,0.22,11.82,0.23,-0.05,76.40,-1.68,,
France,2012q2,2.63,70,0.22,10.64,0.18,-0.03,62.78,-0.19,,
Germany,2012q2,4.38,70,0.20,12.69,0.28,0.52,86.26,0.08,,
Greece,2012q2,-25.35,70,0.13,10.26,0.14,-1.23,68.81,-1.61,,
Iceland,2012q2,-8.85,70,0.16,10.59,0.21,0.25,88.19,-2.09,,
Ireland,2012q2,4.33,70,0.20,12.20,0.25,0.07,201.94,0.54,,
Italy,2012q2,-3.35,70,0.18,9.54,0.21,0.07,59.67,-1.04,,
Japan,2012q2,2.66,70,0.22,11.52,0.27,0.00,34.13,-0.65,,
Luxembourg,2012q2,6.77,70,0.21,11.22,0.11,0.11,422.82,0.93,,
Netherlands,2012q2,-0.74,70,0.19,11.60,0.20,0.46,154.82,0.00,,
New Zealand,2012q2,5.00,70,0.21,11.30,0.19,0.49,52.07,0.57,,
Norway,2012q2,3.32,70,0.23,11.80,0.37,0.28,67.75,-0.08,,
Portugal,2012q2,-5.16,70,0.16,7.20,0.19,-0.69,84.28,-1.25,,
Spain,2012q2,-6.07,70,0.23,10.30,0.22,-0.49,65.19,-0.90,,
Sweden,2012q2,6.41,70,0.24,11.89,0.24,0.54,86.26,0.49,,
Switzerland,2012q2,4.22,70,0.27,13.42,0.26,-0.24,120.24,0.14,,
United Kingdom,2012q2,2.42,70,0.16,12.32,0.18,0.48,61.82,-0.22,,
United States,2012q2,5.29,70,0.19,13.42,0.20,0.40,26.80,0.26,,
Australia,2012q3,11.00,71,0.28,11.77,0.25,0.76,37.98,-0.09,,
Austria,2012q3,3.42,71,0.22,9.89,0.26,-0.82,68.26,0.01,,
Belgium,2012q3,4.24,71,0.22,10.78,0.20,-0.10,115.11,-0.20,,
Canada,2012q3,5.46,71,0.25,12.56,0.26,0.04,69.14,-0.18,,
Denmark,2012q3,0.88,71,0.19,11.53,0.25,0.60,68.57,-0.03,,
Finland,2012q3,-3.14,71,0.22,11.82,0.18,-0.37,64.41,-0.52,,
France,2012q3,2.73,71,0.22,10.64,0.27,0.59,43.63,0.02,,
Germany,2012q3,4.61,71,0.20,12.69,0.15,-0.12,43.82,0.19,,
Greece,2012q3,-26.59,71,0.13,10.26,0.25,3.13,37.67,-1.05,,
Iceland,2012q3,-6.38,71,0.16,10.59,0.25,0.62,67.44,2.31,,
Ireland,2012q3,3.06,71,0.20,12.20,0.20,0.15,142.15,-1.00,,
Italy,2012q3,-3.80,71,0.18,9.54,0.27,1.06,45.25,-0.61,,
Japan,2012q3,2.27,71,0.22,11.52,0.35,-0.07,17.62,-0.35,,
Luxembourg,2012q3,6.39,71,0.21,11.22,0.32,0.34,184.41,-1.10,,
Netherlands,2012q3,-1.12,71,0.19,11.60,0.19,0.41,107.87,-0.52,,
New Zealand,2012q3,5.14,71,0.21,11.30,0.36,0.57,56.98,0.39,,
Norway,2012q3,1.87,71,0.23,11.80,0.29,0.25,67.95,-1.80,,
Portugal,2012q3,-6.26,71,0.16,7.20,0.30,0.59,61.20,-0.97,,
Spain,2012q3,-6.81,71,0.23,10.30,0.23,0.83,44.87,-0.70,,
Sweden,2012q3,6.32,71,0.24,11.89,0.26,0.49,67.76,-0.32,,
Switzerland,2012q3,4.64,71,0.27,13.42,0.18,0.01,76.20,0.17,,
United Kingdom,2012q3,3.57,71,0.16,12.32,0.20,0.54,50.84,1.03,,
United States,2012q3,5.41,71,0.19,13.42,0.25,0.48,22.42,-0.06,,
Australia,2012q4,11.56,72,0.28,11.77,0.26,0.15,37.50,0.14,,
Austria,2012q4,3.42,72,0.22,9.89,0.20,-0.51,71.09,-0.21,,
Belgium,2012q4,4.12,72,0.22,10.78,0.26,0.40,118.35,-0.34,,
Canada,2012q4,5.58,72,0.25,12.56,0.33,0.60,69.89,-0.25,,
Denmark,2012q4,0.71,72,0.19,11.53,0.23,0.65,69.21,-0.30,,
Finland,2012q4,-3.79,72,0.22,11.82,0.27,-0.04,66.55,-0.73,,
France,2012q4,2.65,72,0.22,10.64,0.15,0.40,45.33,-0.18,,
Germany,2012q4,4.16,72,0.20,12.69,0.25,0.04,46.40,-0.59,,
Greece,2012q4,-26.64,72,0.13,10.26,0.21,2.70,37.60,0.12,,
Iceland,2012q4,-6.08,72,0.16,10.59,0.20,0.27,71.96,-0.07,,
Ireland,2012q4,4.07,72,0.20,12.20,0.21,0.59,136.77,0.39,,
Italy,2012q4,-4.36,72,0.18,9.54,0.35,0.48,42.85,-0.72,,
Japan,2012q4,2.48,72,0.22,11.52,0.20,0.27,19.14,0.25,,
Luxembourg,2012q4,7.08,72,0.21,11.22,0.19,0.44,195.51,-0.13,,
Netherlands,2012q4,-1.90,72,0.19,11.60,0.36,0.67,110.39,-0.85,,
New Zealand,2012q4,6.64,72,0.21,11.30,0.29,0.74,54.38,0.83,,
Norway,2012q4,2.69,72,0.23,11.80,0.19,0.63,73.47,0.48,,
Portugal,2012q4,-7.90,72,0.16,7.20,0.28,0.17,60.03,-1.51,,
Spain,2012q4,-7.79,72,0.23,10.30,0.26,0.50,47.56,-0.96,,
Sweden,2012q4,5.84,72,0.24,11.89,0.18,0.08,68.92,-0.68,,
Switzerland,2012q4,5.05,72,0.27,13.42,0.20,0.19,82.36,0.12,,
United Kingdom,2012q4,3.42,72,0.16,12.32,0.25,0.63,51.14,-0.39,,
United States,2012q4,5.43,72,0.19,13.42,0.26,0.72,22.88,-0.08,,
Australia,2013q1,11.90,73,0.27,11.77,0.20,0.30,39.64,-0.17,,
Austria,2013q1,2.94,73,0.23,9.89,0.27,0.37,76.32,-0.57,,
Belgium,2013q1,3.80,73,0.22,10.78,0.33,-0.09,124.88,-0.43,,
Canada,2013q1,6.61,73,0.24,12.56,0.20,-0.07,75.90,0.87,,
Denmark,2013q1,1.28,73,0.19,11.53,0.18,0.42,72.21,0.51,,
Finland,2013q1,-3.83,73,0.21,11.82,0.15,0.33,68.60,-0.17,,
France,2013q1,2.65,73,0.22,10.64,0.25,0.28,49.55,-0.17,,
Germany,2013q1,3.94,73,0.20,12.69,0.21,-0.16,51.06,-0.29,,
Greece,2013q1,-28.84,73,0.12,10.26,0.25,2.26,40.30,-2.01,,
Iceland,2013q1,-3.65,73,0.16,10.59,0.21,0.49,73.74,2.11,,
Ireland,2013q1,2.61,73,0.19,12.20,0.27,0.83,138.19,-1.73,,
Italy,2013q1,-5.38,73,0.17,9.54,0.20,0.63,45.18,-1.13,,
Japan,2013q1,3.67,73,0.23,11.52,0.27,0.27,20.15,1.27,,
Luxembourg,2013q1,8.57,73,0.20,11.22,0.19,0.56,223.25,0.70,,
Netherlands,2013q1,-1.55,73,0.19,11.60,0.29,0.71,115.32,0.30,,
New Zealand,2013q1,6.51,73,0.22,11.30,0.19,0.55,55.91,0.37,,
Norway,2013q1,2.91,73,0.24,11.80,0.30,0.57,72.60,-0.02,,
Portugal,2013q1,-7.59,73,0.15,7.20,0.27,0.41,64.24,0.46,,
Spain,2013q1,-8.13,73,0.23,10.30,0.18,0.66,53.06,-0.20,,
Sweden,2013q1,7.02,73,0.24,11.89,0.20,0.58,74.47,1.00,,
Switzerland,2013q1,5.30,73,0.29,13.42,0.25,0.08,90.05,-0.02,,
United Kingdom,2013q1,4.06,73,0.16,12.32,0.26,0.52,50.34,0.49,,
United States,2013q1,6.13,73,0.19,13.42,0.20,0.39,23.37,0.73,,
Australia,2013q2,12.43,74,0.27,11.77,0.27,0.44,39.49,0.14,,
Austria,2013q2,3.22,74,0.23,9.89,0.33,0.21,76.50,0.12,,
Belgium,2013q2,4.28,74,0.22,10.78,0.20,-0.18,121.08,0.44,,
Canada,2013q2,7.26,74,0.24,12.56,0.25,0.18,80.89,0.41,,
Denmark,2013q2,1.35,74,0.19,11.53,0.27,0.43,69.80,0.02,,
Finland,2013q2,-3.43,74,0.21,11.82,0.25,0.08,63.09,0.31,,
France,2013q2,3.35,74,0.22,10.64,0.21,-0.06,48.74,0.56,,
Germany,2013q2,4.82,74,0.20,12.69,0.25,-0.32,50.23,0.89,,
Greece,2013q2,-28.76,74,0.12,10.26,0.20,1.42,45.32,0.25,,
Iceland,2013q2,-4.80,74,0.16,10.59,0.27,0.46,69.66,-1.42,,
Ireland,2013q2,4.59,74,0.19,12.20,0.35,0.09,159.71,2.63,,
Italy,2013q2,-5.38,74,0.17,9.54,0.27,0.31,43.66,-0.09,,
Japan,2013q2,4.54,74,0.23,11.52,0.11,1.00,17.73,0.87,,
Luxembourg,2013q2,10.73,74,0.20,11.22,0.36,0.06,232.98,1.72,,
Netherlands,2013q2,-1.79,74,0.19,11.60,0.19,0.68,110.36,-0.20,,
New Zealand,2013q2,7.43,74,0.22,11.30,0.30,-0.81,57.94,-0.39,,
Norway,2013q2,3.63,74,0.24,11.80,0.28,0.61,69.91,0.44,,
Portugal,2013q2,-6.88,74,0.15,7.20,0.21,0.73,62.59,0.85,,
Spain,2013q2,-8.21,74,0.23,10.30,0.20,0.18,52.61,0.07,,
Sweden,2013q2,6.67,74,0.24,11.89,0.25,0.09,76.50,-0.57,,
Switzerland,2013q2,6.16,74,0.29,13.42,0.25,-0.09,88.69,0.55,,
United Kingdom,2013q2,4.60,74,0.16,12.32,0.20,0.56,47.19,0.39,,
United States,2013q2,6.32,74,0.19,13.42,0.27,0.35,22.64,-0.04,,
Australia,2013q3,13.15,75,0.27,11.77,0.34,0.58,40.53,0.32,,
Austria,2013q3,3.80,75,0.23,9.89,0.20,0.72,81.05,0.40,,
Belgium,2013q3,4.77,75,0.22,10.78,0.25,0.49,129.27,0.34,,
Canada,2013q3,8.08,75,0.24,12.56,0.23,0.36,81.78,0.44,,
Denmark,2013q3,1.99,75,0.19,11.53,0.14,0.83,75.15,0.47,,
Finland,2013q3,-3.13,75,0.21,11.82,0.20,0.58,69.39,0.17,,
France,2013q3,3.34,75,0.22,10.64,0.25,0.40,51.61,-0.14,,
Germany,2013q3,5.33,75,0.20,12.69,0.20,-0.04,54.88,0.44,,
Greece,2013q3,-28.32,75,0.12,10.26,0.21,1.92,52.46,0.62,,
Iceland,2013q3,-2.00,75,0.16,10.59,0.35,1.59,68.45,2.42,,
Ireland,2013q3,7.58,75,0.19,12.20,0.20,1.03,163.18,1.97,,
Italy,2013q3,-5.04,75,0.17,9.54,0.11,0.67,46.31,0.21,,
Japan,2013q3,5.31,75,0.23,11.52,0.31,0.00,18.80,0.81,,
Luxembourg,2013q3,12.01,75,0.20,11.22,0.29,1.18,250.87,0.75,,
Netherlands,2013q3,-1.16,75,0.19,11.60,0.31,0.54,116.93,0.52,,
New Zealand,2013q3,8.12,75,0.22,11.30,0.28,0.20,64.23,0.57,,
Norway,2013q3,4.61,75,0.24,11.80,0.27,1.23,71.29,0.66,,
Portugal,2013q3,-7.00,75,0.15,7.20,0.23,0.68,65.66,0.02,,
Spain,2013q3,-8.28,75,0.23,10.30,0.25,0.49,56.83,0.05,,
Sweden,2013q3,7.35,75,0.24,11.89,0.25,0.48,76.95,0.41,,
Switzerland,2013q3,6.75,75,0.29,13.42,0.20,0.34,93.34,0.26,,
United Kingdom,2013q3,5.45,75,0.16,12.32,0.27,0.42,50.24,0.70,,
United States,2013q3,7.09,75,0.19,13.42,0.34,0.62,23.76,0.58,,
Australia,2013q4,13.94,76,0.27,11.77,0.20,0.27,45.61,0.44,,
Austria,2013q4,4.08,76,0.23,9.89,0.25,0.69,88.70,0.10,,
Belgium,2013q4,5.07,76,0.22,10.78,0.23,0.33,145.26,0.13,,
Canada,2013q4,9.09,76,0.24,12.56,0.18,0.70,83.86,0.62,,
Denmark,2013q4,2.19,76,0.19,11.53,0.26,0.67,87.50,0.04,,
Finland,2013q4,-3.50,76,0.21,11.82,0.25,0.72,77.90,-0.52,,
France,2013q4,3.78,76,0.22,10.64,0.20,0.41,58.46,0.30,,
Germany,2013q4,5.74,76,0.20,12.69,0.21,0.31,66.22,0.23,,
Greece,2013q4,-28.92,76,0.12,10.26,0.28,3.01,59.77,-0.42,,
Iceland,2013q4,-0.50,76,0.16,10.59,0.20,1.19,75.73,1.31,,
Ireland,2013q4,6.73,76,0.19,12.20,0.27,1.36,183.53,-1.11,,
Italy,2013q4,-5.16,76,0.17,9.54,0.31,0.71,52.31,-0.25,,
Japan,2013q4,5.26,76,0.23,11.52,0.18,-0.13,20.64,0.00,,
Luxembourg,2013q4,8.97,76,0.20,11.22,0.19,1.37,280.66,-3.53,,
Netherlands,2013q4,-0.55,76,0.19,11.60,0.28,0.92,131.80,0.48,,
New Zealand,2013q4,8.33,76,0.22,11.30,0.27,1.16,71.62,0.13,,
Norway,2013q4,4.43,76,0.24,11.80,0.21,0.93,75.89,-0.49,,
Portugal,2013q4,-6.05,76,0.15,7.20,0.25,1.01,69.66,1.09,,
Spain,2013q4,-8.00,76,0.23,10.30,0.25,0.85,61.66,0.33,,
Sweden,2013q4,8.16,76,0.24,11.89,0.20,0.72,84.63,0.56,,
Switzerland,2013q4,7.04,76,0.29,13.42,0.27,0.43,101.11,-0.04,,
United Kingdom,2013q4,5.97,76,0.16,12.32,0.34,0.64,53.87,0.28,,
United States,2013q4,8.07,76,0.19,13.42,0.20,0.54,25.14,0.60,,
Australia,2014q1,14.67,77,0.25,11.77,0.25,0.94,41.60,0.23,,
Austria,2014q1,4.15,77,0.22,9.89,0.23,0.23,86.42,-0.13,,
Belgium,2014q1,5.33,77,0.23,10.78,0.18,0.03,134.22,0.17,,
Canada,2014q1,9.21,77,0.24,12.56,0.27,-0.91,75.45,0.00,,
Denmark,2014q1,2.44,77,0.19,11.53,0.20,0.30,81.31,0.15,,
Finland,2014q1,-4.14,77,0.21,11.82,0.20,0.05,69.94,-0.73,,
France,2014q1,3.85,77,0.22,10.64,0.21,0.04,52.76,-0.05,,
Germany,2014q1,6.62,77,0.20,12.69,0.28,-0.04,60.92,0.96,,
Greece,2014q1,-28.09,77,0.11,10.26,0.35,1.99,54.08,1.00,,
Iceland,2014q1,-2.32,77,0.18,10.59,0.27,1.58,72.59,-2.03,,
Ireland,2014q1,10.55,77,0.20,12.20,0.11,0.84,170.86,3.91,,
Italy,2014q1,-5.12,77,0.17,9.54,0.18,0.32,48.65,0.00,,
Japan,2014q1,6.22,77,0.23,11.52,0.20,-0.37,19.20,1.04,,
Luxembourg,2014q1,14.82,77,0.20,11.22,0.31,0.67,258.47,4.95,,
Netherlands,2014q1,-0.73,77,0.19,11.60,0.27,0.65,115.67,-0.17,,
New Zealand,2014q1,9.69,77,0.23,11.30,0.21,0.57,64.92,0.65,,
Norway,2014q1,4.93,77,0.24,11.80,0.23,0.39,70.66,0.23,,
Portugal,2014q1,-6.55,77,0.15,7.20,0.18,0.81,62.63,-0.35,,
Spain,2014q1,-7.60,77,0.23,10.30,0.20,0.04,55.26,0.51,,
Sweden,2014q1,8.87,77,0.24,11.89,0.27,0.42,79.84,0.50,,
Switzerland,2014q1,7.81,77,0.28,13.42,0.34,-0.18,92.85,0.50,,
United Kingdom,2014q1,6.83,77,0.16,12.32,0.20,0.05,49.27,0.65,,
United States,2014q1,7.84,77,0.20,13.42,0.25,-0.28,21.22,-0.42,,
Australia,2014q2,15.26,78,0.25,11.77,0.23,0.65,41.76,0.29,,
Austria,2014q2,4.16,78,0.22,9.89,0.18,0.29,85.88,-0.21,,
Belgium,2014q2,5.56,78,0.23,10.78,0.27,0.03,134.48,0.12,,
Canada,2014q2,10.41,78,0.24,12.56,0.14,0.50,75.42,0.97,,
Denmark,2014q2,2.37,78,0.19,11.53,0.25,0.63,84.51,-0.18,,
Finland,2014q2,-4.25,78,0.21,11.82,0.21,0.29,69.83,-0.18,,
France,2014q2,4.04,78,0.22,10.64,0.28,0.41,52.45,0.14,,
Germany,2014q2,6.45,78,0.20,12.69,0.35,-0.08,62.00,-0.14,,
Greece,2014q2,-28.26,78,0.11,10.26,0.20,2.10,48.51,-0.02,,
Iceland,2014q2,-2.78,78,0.18,10.59,0.11,0.58,66.81,-0.71,,
Ireland,2014q2,13.65,78,0.20,12.20,0.31,1.33,148.81,3.74,,
Italy,2014q2,-5.20,78,0.17,9.54,0.20,0.67,48.68,-0.08,,
Japan,2014q2,4.41,78,0.23,11.52,0.34,-0.10,21.61,-1.82,,
Luxembourg,2014q2,13.41,78,0.20,11.22,0.28,0.91,254.38,-1.75,,
Netherlands,2014q2,-0.19,78,0.19,11.60,0.21,0.28,113.43,0.51,,
New Zealand,2014q2,10.22,78,0.23,11.30,0.23,0.64,62.63,0.15,,
Norway,2014q2,5.67,78,0.24,11.80,0.25,1.19,66.30,0.46,,
Portugal,2014q2,-6.13,78,0.15,7.20,0.20,1.16,61.49,0.55,,
Spain,2014q2,-7.21,78,0.23,10.30,0.26,1.56,55.08,0.42,,
Sweden,2014q2,9.65,78,0.24,11.89,0.34,0.73,76.63,0.49,,
Switzerland,2014q2,8.39,78,0.28,13.42,0.20,0.53,89.47,0.28,,
United Kingdom,2014q2,7.68,78,0.16,12.32,0.24,0.54,48.42,0.64,,
United States,2014q2,8.97,78,0.20,13.42,0.23,0.31,22.50,1.08,,
Australia,2014q3,15.71,79,0.25,11.77,0.18,0.51,36.43,0.10,,
Austria,2014q3,4.52,79,0.22,9.89,0.27,0.22,87.08,0.15,,
Belgium,2014q3,5.94,79,0.23,10.78,0.14,0.06,132.15,0.24,,
Canada,2014q3,11.14,79,0.24,12.56,0.27,0.16,68.44,0.38,,
Denmark,2014q3,4.04,79,0.19,11.53,0.19,0.25,80.46,1.48,,
Finland,2014q3,-3.99,79,0.21,11.82,0.29,0.18,67.58,0.14,,
France,2014q3,4.59,79,0.22,10.64,0.35,0.66,50.74,0.33,,
Germany,2014q3,6.77,79,0.20,12.69,0.20,0.04,62.49,0.19,,
Greece,2014q3,-27.03,79,0.11,10.26,0.27,1.89,47.78,1.40,,
Iceland,2014q3,1.86,79,0.18,10.59,0.30,1.13,69.64,4.29,,
Ireland,2014q3,14.32,79,0.20,12.20,0.18,0.39,144.76,0.41,,
Italy,2014q3,-4.97,79,0.17,9.54,0.31,0.46,46.00,0.24,,
Japan,2014q3,4.38,79,0.23,11.52,0.30,-0.17,21.80,0.03,,
Luxembourg,2014q3,16.66,79,0.20,11.22,0.26,0.87,260.98,2.63,,
Netherlands,2014q3,0.20,79,0.19,11.60,0.22,0.10,112.56,0.16,,
New Zealand,2014q3,11.53,79,0.23,11.30,0.25,0.73,57.27,0.78,,
Norway,2014q3,6.09,79,0.24,11.80,0.18,0.50,68.64,0.11,,
Portugal,2014q3,-5.96,79,0.15,7.20,0.24,0.89,60.49,0.29,,
Spain,2014q3,-6.53,79,0.23,10.30,0.34,1.31,52.97,0.70,,
Sweden,2014q3,10.03,79,0.24,11.89,0.20,0.43,75.82,0.07,,
Switzerland,2014q3,8.90,79,0.28,13.42,0.24,0.60,91.19,0.19,,
United Kingdom,2014q3,8.45,79,0.16,12.32,0.23,0.57,48.52,0.50,,
United States,2014q3,10.25,79,0.20,13.42,0.18,0.02,22.86,1.00,,
Australia,2014q4,16.15,80,0.25,11.77,0.27,0.74,39.02,0.11,,
Austria,2014q4,4.85,80,0.22,9.89,0.14,0.77,93.04,0.13,,
Belgium,2014q4,6.25,80,0.23,10.78,0.27,0.39,139.32,0.12,,
Canada,2014q4,11.60,80,0.24,12.56,0.20,0.44,68.79,0.09,,
Denmark,2014q4,4.40,80,0.19,11.53,0.21,0.44,82.96,0.18,,
Finland,2014q4,-4.04,80,0.21,11.82,0.35,0.37,72.49,-0.15,,
France,2014q4,4.60,80,0.22,10.64,0.20,0.47,53.01,0.00,,
Germany,2014q4,7.66,80,0.20,12.69,0.27,0.22,66.92,0.76,,
Greece,2014q4,-28.34,80,0.11,10.26,0.11,2.21,49.24,-1.14,,
Iceland,2014q4,1.35,80,0.18,10.59,0.18,1.32,71.34,-0.76,,
Ireland,2014q4,15.45,80,0.20,12.20,0.20,0.53,145.33,0.41,,
Italy,2014q4,-4.94,80,0.17,9.54,0.30,0.21,47.60,-0.01,,
Japan,2014q4,5.00,80,0.23,11.52,0.20,0.45,24.80,0.65,,
Luxembourg,2014q4,18.69,80,0.20,11.22,0.21,0.99,291.08,1.25,,
Netherlands,2014q4,1.33,80,0.19,11.60,0.25,0.24,121.21,0.74,,
New Zealand,2014q4,12.99,80,0.23,11.30,0.18,0.88,58.40,0.75,,
Norway,2014q4,7.31,80,0.24,11.80,0.19,0.53,69.38,0.95,,
Portugal,2014q4,-5.31,80,0.15,7.20,0.25,0.87,64.34,0.75,,
Spain,2014q4,-5.78,80,0.23,10.30,0.20,1.43,54.65,0.82,,
Sweden,2014q4,11.38,80,0.24,11.89,0.24,0.35,80.15,1.09,,
Switzerland,2014q4,9.87,80,0.28,13.42,0.23,1.08,95.11,0.63,,
United Kingdom,2014q4,9.21,80,0.16,12.32,0.18,0.70,51.14,0.47,,
United States,2014q4,10.75,80,0.20,13.42,0.27,0.60,24.97,0.27,,
Australia,2015q1,17.15,81,0.24,13.18,0.14,0.48,41.09,0.51,,
Austria,2015q1,4.78,81,0.22,11.33,0.27,0.17,96.67,-0.28,,
Belgium,2015q1,6.68,81,0.23,11.38,0.20,-0.10,146.67,0.35,,
Canada,2015q1,11.40,81,0.23,13.11,0.38,0.06,70.18,-0.27,,
Denmark,2015q1,4.84,81,0.19,12.70,0.29,0.28,92.43,0.30,,
Finland,2015q1,-4.75,81,0.21,11.19,0.20,0.23,78.91,-0.87,,
France,2015q1,5.00,81,0.22,11.63,0.27,0.27,55.56,0.33,,
Germany,2015q1,7.77,81,0.20,13.19,0.11,0.25,73.40,-0.38,,
Greece,2015q1,-28.02,81,0.11,10.54,0.30,2.01,52.24,0.46,,
Iceland,2015q1,1.14,81,0.20,12.19,0.20,1.71,71.78,-0.42,,
Ireland,2015q1,37.15,81,0.21,12.31,0.31,0.63,148.26,22.40,,
Italy,2015q1,-4.69,81,0.17,10.87,0.20,0.34,50.33,0.26,,
Japan,2015q1,6.45,81,0.23,12.46,0.31,0.00,28.57,1.54,,
Luxembourg,2015q1,19.76,81,0.18,11.95,0.22,0.94,309.90,1.08,,
Netherlands,2015q1,2.09,81,0.20,11.91,0.18,0.32,125.22,0.50,,
New Zealand,2015q1,13.31,81,0.23,12.50,0.19,0.68,57.84,0.20,,
Norway,2015q1,7.06,81,0.22,12.75,0.24,0.61,71.82,-0.45,,
Portugal,2015q1,-4.65,81,0.16,8.88,0.20,0.95,63.71,0.76,,
Spain,2015q1,-4.73,81,0.24,9.79,0.24,1.55,54.11,1.06,,
Sweden,2015q1,12.40,81,0.24,12.27,0.23,0.55,87.48,0.84,,
Switzerland,2015q1,9.49,81,0.29,13.37,0.18,0.99,101.47,-0.63,,
United Kingdom,2015q1,9.55,81,0.16,13.28,0.27,0.50,53.26,0.25,,
United States,2015q1,11.55,81,0.20,13.22,0.14,0.51,26.16,0.66,,
Australia,2015q2,17.33,82,0.24,13.18,0.27,-0.12,42.36,-0.13,,
Austria,2015q2,5.36,82,0.22,11.33,0.20,0.03,99.56,0.24,,
Belgium,2015q2,7.16,82,0.23,11.38,0.38,-0.14,145.90,0.37,,
Canada,2015q2,11.25,82,0.23,13.11,0.19,-0.30,68.20,-0.27,,
Denmark,2015q2,4.95,82,0.19,12.70,0.35,0.08,101.93,-0.08,,
Finland,2015q2,-3.73,82,0.21,11.19,0.27,0.52,81.77,1.01,,
France,2015q2,4.98,82,0.22,11.63,0.11,-0.11,56.08,-0.13,,
Germany,2015q2,8.22,82,0.20,13.19,0.30,0.07,79.67,0.44,,
Greece,2015q2,-27.83,82,0.11,10.54,0.18,1.46,53.27,0.38,,
Iceland,2015q2,4.66,82,0.20,12.19,0.31,0.74,79.69,3.24,,
Ireland,2015q2,35.96,82,0.21,12.31,0.30,0.82,150.58,-1.11,,
Italy,2015q2,-4.31,82,0.17,10.87,0.31,0.00,54.79,0.48,,
Japan,2015q2,6.43,82,0.23,12.46,0.28,-0.27,30.90,-0.08,,
Luxembourg,2015q2,18.67,82,0.18,11.95,0.25,0.20,324.15,-1.60,,
Netherlands,2015q2,2.10,82,0.20,11.91,0.19,-0.05,129.25,0.25,,
New Zealand,2015q2,14.01,82,0.23,12.50,0.22,-0.20,57.47,0.51,,
Norway,2015q2,7.59,82,0.22,12.75,0.25,0.83,73.52,0.30,,
Portugal,2015q2,-4.21,82,0.16,8.88,0.25,0.46,68.33,0.52,,
Spain,2015q2,-3.88,82,0.24,9.79,0.23,0.63,56.15,0.89,,
Sweden,2015q2,13.36,82,0.24,12.27,0.18,0.51,90.27,0.68,,
Switzerland,2015q2,9.68,82,0.29,13.37,0.27,0.23,109.42,-0.22,,
United Kingdom,2015q2,10.12,82,0.16,13.28,0.14,0.73,51.55,0.37,,
United States,2015q2,12.22,82,0.20,13.22,0.26,-0.85,27.07,0.65,,
Australia,2015q3,18.30,83,0.24,13.18,0.20,0.91,41.52,0.68,,
Austria,2015q3,5.79,83,0.22,11.33,0.36,1.25,100.55,0.15,,
Belgium,2015q3,7.22,83,0.23,11.38,0.19,1.27,154.31,-0.07,,
Canada,2015q3,11.82,83,0.23,13.11,0.21,-0.03,63.38,0.29,,
Denmark,2015q3,5.03,83,0.19,12.70,0.19,1.11,101.31,-0.09,,
Finland,2015q3,-3.94,83,0.21,11.19,0.12,0.77,81.95,-0.22,,
France,2015q3,5.39,83,0.22,11.63,0.29,0.95,56.97,0.27,,
Germany,2015q3,8.54,83,0.20,13.19,0.18,0.87,80.18,0.02,,
Greece,2015q3,-29.42,83,0.11,10.54,0.20,2.43,60.39,-1.42,,
Iceland,2015q3,4.30,83,0.20,12.19,0.30,2.06,81.29,-0.58,,
Ireland,2015q3,39.94,83,0.21,12.31,0.19,0.92,153.81,1.16,,
Italy,2015q3,-4.08,83,0.17,10.87,0.28,0.70,55.01,0.28,,
Japan,2015q3,6.51,83,0.23,12.46,0.26,0.41,34.27,0.02,,
Luxembourg,2015q3,17.36,83,0.18,11.95,0.18,1.40,336.95,-2.05,,
Netherlands,2015q3,2.53,83,0.20,11.91,0.22,0.45,137.81,0.26,,
New Zealand,2015q3,15.05,83,0.23,12.50,0.25,1.17,60.21,1.02,,
Norway,2015q3,8.76,83,0.22,12.75,0.20,2.05,73.77,0.90,,
Portugal,2015q3,-4.09,83,0.16,8.88,0.34,0.96,70.58,0.23,,
Spain,2015q3,-2.94,83,0.24,9.79,0.18,2.19,57.69,0.94,,
Sweden,2015q3,14.84,83,0.24,12.27,0.27,1.69,90.34,1.16,,
Switzerland,2015q3,9.98,83,0.29,13.37,0.14,1.27,109.95,-0.02,,
United Kingdom,2015q3,10.54,83,0.16,13.28,0.26,0.96,52.96,0.22,,
United States,2015q3,12.63,83,0.20,13.22,0.20,0.71,28.81,0.04,,
Australia,2015q4,18.80,84,0.24,13.18,0.36,-0.32,49.91,0.21,,
Austria,2015q4,6.02,84,0.22,11.33,0.19,-0.22,97.48,-0.10,,
Belgium,2015q4,7.69,84,0.23,11.38,0.21,-0.74,147.99,0.25,,
Canada,2015q4,11.92,84,0.23,13.11,0.29,-1.50,67.06,-0.25,,
Denmark,2015q4,4.85,84,0.19,12.70,0.26,-0.11,102.60,-0.44,,
Finland,2015q4,-3.43,84,0.21,11.19,0.29,0.03,80.97,0.50,,
France,2015q4,5.62,84,0.22,11.63,0.18,-0.50,54.80,0.15,,
Germany,2015q4,8.96,84,0.20,13.19,0.20,-0.57,78.66,0.08,,
Greece,2015q4,-27.77,84,0.11,10.54,0.28,0.64,54.33,1.84,,
Iceland,2015q4,5.33,84,0.20,12.19,0.19,4.77,82.59,0.58,,
Ireland,2015q4,40.22,84,0.21,12.31,0.31,-0.88,165.64,0.10,,
Italy,2015q4,-3.85,84,0.17,10.87,0.26,-0.44,51.36,0.32,,
Japan,2015q4,6.20,84,0.23,12.46,0.21,-0.67,30.20,-0.30,,
Luxembourg,2015q4,19.51,84,0.18,11.95,0.19,-0.71,311.40,1.14,,
Netherlands,2015q4,2.87,84,0.20,11.91,0.25,-0.37,124.21,-0.16,,
New Zealand,2015q4,16.09,84,0.23,12.50,0.20,-0.46,65.55,0.45,,
Norway,2015q4,7.89,84,0.22,12.75,0.26,0.94,74.42,-1.13,,
Portugal,2015q4,-3.76,84,0.16,8.88,0.20,-0.55,66.76,0.44,,
Spain,2015q4,-2.03,84,0.24,9.79,0.27,-0.20,51.35,0.84,,
Sweden,2015q4,16.13,84,0.24,12.27,0.14,-0.10,90.06,1.02,,
Switzerland,2015q4,10.48,84,0.29,13.37,0.26,-0.10,109.87,0.27,,
United Kingdom,2015q4,11.27,84,0.16,13.28,0.20,0.11,56.10,0.54,,
United States,2015q4,12.75,84,0.20,13.22,0.36,-2.83,27.63,-0.10,,
Australia,2016q1,19.83,85,0.23,13.18,0.19,0.53,39.40,0.50,,
Austria,2016q1,6.36,85,0.23,11.33,0.21,0.37,87.79,-0.05,,
Belgium,2016q1,7.94,85,0.24,11.38,0.29,0.20,139.70,0.18,,
Canada,2016q1,12.54,85,0.22,13.11,0.35,0.15,58.17,0.46,,
Denmark,2016q1,6.04,85,0.20,12.70,0.12,0.15,89.30,0.92,,
Finland,2016q1,-2.60,85,0.22,11.19,0.18,-0.25,72.29,0.85,,
France,2016q1,6.24,85,0.22,11.63,0.20,0.29,51.22,0.58,,
Germany,2016q1,9.59,85,0.20,13.19,0.28,0.07,71.10,0.80,,
Greece,2016q1,-28.39,85,0.12,10.54,0.30,1.91,47.09,-0.59,,
Iceland,2016q1,5.79,85,0.23,12.19,0.31,2.50,93.71,0.01,,
Ireland,2016q1,40.13,85,0.32,12.31,0.28,-0.49,175.87,1.73,,
Italy,2016q1,-3.58,85,0.17,10.87,0.21,0.10,46.39,0.28,,
Japan,2016q1,7.01,85,0.24,12.46,0.22,-0.51,26.55,0.86,,
Luxembourg,2016q1,19.52,85,0.17,11.95,0.22,0.49,307.31,0.00,,
Netherlands,2016q1,3.63,85,0.21,11.91,0.20,0.27,121.72,0.85,,
New Zealand,2016q1,17.22,85,0.24,12.50,0.26,-0.18,53.37,0.65,,
Norway,2016q1,8.95,85,0.22,12.75,0.34,0.56,66.85,0.63,,
Portugal,2016q1,-3.54,85,0.16,8.88,0.23,0.27,63.07,0.26,,
Spain,2016q1,-1.28,85,0.25,9.79,0.14,1.03,48.40,0.76,,
Sweden,2016q1,16.42,85,0.24,12.27,0.26,0.58,82.90,0.02,,
Switzerland,2016q1,11.02,85,0.29,13.37,0.20,0.70,109.21,0.36,,
United Kingdom,2016q1,11.48,85,0.16,13.28,0.36,0.45,55.49,0.12,,
United States,2016q1,12.90,85,0.20,13.22,0.19,0.20,26.53,0.22,,
Australia,2016q2,20.60,86,0.23,13.18,0.21,0.41,41.60,0.30,,
Austria,2016q2,6.76,86,0.23,11.33,0.29,0.67,101.30,0.08,,
Belgium,2016q2,8.66,86,0.24,11.38,0.35,0.59,155.25,0.63,,
Canada,2016q2,12.27,86,0.22,13.11,0.19,0.57,60.74,-0.55,,
Denmark,2016q2,6.62,86,0.20,12.70,0.29,0.36,95.81,0.45,,
Finland,2016q2,-2.46,86,0.22,11.19,0.20,1.24,80.48,0.28,,
France,2016q2,6.15,86,0.22,11.63,0.28,0.38,56.34,-0.35,,
Germany,2016q2,10.06,86,0.20,13.19,0.30,0.33,81.45,0.34,,
Greece,2016q2,-28.74,86,0.12,10.54,0.19,1.49,55.69,-0.27,,
Iceland,2016q2,10.21,86,0.23,12.19,0.28,0.98,97.43,3.86,,
Ireland,2016q2,41.83,86,0.32,12.31,0.26,0.17,196.80,0.04,,
Italy,2016q2,-3.47,86,0.17,10.87,0.22,0.26,54.51,0.14,,
Japan,2016q2,7.27,86,0.24,12.46,0.25,0.21,29.07,0.23,,
Luxembourg,2016q2,22.10,86,0.17,11.95,0.25,0.69,319.76,1.46,,
Netherlands,2016q2,3.97,86,0.21,11.91,0.26,0.40,136.51,0.11,,
New Zealand,2016q2,18.37,86,0.24,12.50,0.33,2.34,58.46,0.37,,
Norway,2016q2,8.73,86,0.22,12.75,0.20,0.98,68.79,-0.27,,
Portugal,2016q2,-3.30,86,0.16,8.88,0.24,0.70,70.49,0.32,,
Spain,2016q2,-0.49,86,0.25,9.79,0.26,1.62,55.07,0.78,,
Sweden,2016q2,16.93,86,0.24,12.27,0.20,1.34,87.01,0.15,,
Switzerland,2016q2,11.30,86,0.29,13.37,0.36,0.68,120.09,-0.01,,
United Kingdom,2016q2,11.95,86,0.16,13.28,0.19,0.89,60.77,-0.05,,
United States,2016q2,13.45,86,0.20,13.22,0.21,0.29,29.21,0.40,,
Australia,2016q3,20.40,87,0.23,13.18,0.29,0.00,44.09,-0.51,,
Austria,2016q3,7.06,87,0.23,11.33,0.36,0.55,105.83,0.05,,
Belgium,2016q3,8.76,87,0.24,11.38,0.20,0.58,160.63,-0.03,,
Canada,2016q3,13.33,87,0.22,13.11,0.26,0.28,63.87,0.65,,
Denmark,2016q3,7.07,87,0.20,12.70,0.18,0.24,102.69,0.33,,
Finland,2016q3,-1.38,87,0.22,11.19,0.30,0.69,79.74,1.00,,
France,2016q3,6.31,87,0.22,11.63,0.28,0.68,59.07,0.11,,
Germany,2016q3,10.39,87,0.20,13.19,0.19,0.36,84.61,0.07,,
Greece,2016q3,-28.23,87,0.12,10.54,0.31,1.89,59.18,0.58,,
Iceland,2016q3,12.93,87,0.23,12.19,0.26,0.97,107.15,2.27,,
Ireland,2016q3,42.72,87,0.32,12.31,0.22,0.47,191.11,-1.71,,
Italy,2016q3,-3.24,87,0.17,10.87,0.25,0.74,55.43,0.27,,
Japan,2016q3,7.46,87,0.24,12.46,0.19,-0.24,30.43,0.31,,
Luxembourg,2016q3,22.33,87,0.17,11.95,0.20,0.88,327.36,-0.38,,
Netherlands,2016q3,4.93,87,0.21,11.91,0.33,0.05,143.86,0.83,,
New Zealand,2016q3,19.09,87,0.24,12.50,0.20,-0.34,59.55,0.13,,
Norway,2016q3,7.93,87,0.22,12.75,0.24,0.32,69.50,-0.98,,
Portugal,2016q3,-2.06,87,0.16,8.88,0.17,1.39,73.62,1.32,,
Spain,2016q3,0.22,87,0.25,9.79,,1.31,58.58,0.66,,
Sweden,2016q3,17.42,87,0.24,12.27,,0.70,88.09,0.23,,
Switzerland,2016q3,11.49,87,0.29,13.37,,-0.15,125.36,-0.14,,
United Kingdom,2016q3,12.49,87,0.16,13.28,0.21,0.85,62.73,0.32,,
United States,2016q3,14.14,87,0.20,13.22,,-0.15,30.92,0.28,,
Australia,2016q4,21.26,88,0.23,13.18,0.36,0.20,41.36,0.60,,
Austria,2016q4,7.71,88,0.23,11.33,0.20,0.97,103.58,0.51,,
Belgium,2016q4,9.02,88,0.24,11.38,0.26,0.37,163.49,0.10,,
Canada,2016q4,13.88,88,0.22,13.11,0.12,0.00,61.69,0.14,,
Denmark,2016q4,7.75,88,0.20,12.70,,0.03,102.81,0.43,,
Finland,2016q4,-0.94,88,0.22,11.19,0.28,0.30,78.67,0.44,,
France,2016q4,6.77,88,0.22,11.63,0.19,0.24,59.74,0.51,,
Germany,2016q4,10.81,88,0.20,13.19,0.31,0.35,85.34,0.24,,
Greece,2016q4,-28.62,88,0.12,10.54,0.29,1.70,63.96,-0.30,,
Iceland,2016q4,15.64,88,0.23,12.19,0.22,0.96,104.60,2.46,,
Ireland,2016q4,48.85,88,0.32,12.31,0.22,-0.20,202.56,9.81,,
Italy,2016q4,-2.76,88,0.17,10.87,0.19,0.06,55.91,0.47,,
Japan,2016q4,7.70,88,0.24,12.46,,-0.07,30.11,0.28,,
Luxembourg,2016q4,23.63,88,0.17,11.95,0.26,0.80,345.19,0.62,,
Netherlands,2016q4,5.58,88,0.21,11.91,0.20,0.59,151.11,0.53,,
New Zealand,2016q4,19.50,88,0.24,12.50,0.24,-0.17,56.60,0.01,,
Norway,2016q4,9.68,88,0.22,12.75,0.24,1.18,66.78,1.56,,
Portugal,2016q4,-1.36,88,0.16,8.88,0.28,0.48,76.28,0.77,,
Spain,2016q4,0.91,88,0.25,9.79,,1.64,60.86,0.57,,
Sweden,2016q4,17.88,88,0.24,12.27,,0.15,85.04,0.03,,
Switzerland,2016q4,11.35,88,0.29,13.37,0.21,0.03,122.58,-0.44,,
United Kingdom,2016q4,13.24,88,0.16,13.28,,0.94,59.83,0.59,,
United States,2016q4,14.57,88,0.20,13.22,0.36,0.04,30.43,0.24,,
Australia,2017q1,21.72,89,,13.18,0.20,0.77,42.45,-0.14,,
Austria,2017q1,8.88,89,0.23,11.33,0.26,0.71,104.27,0.96,,
Belgium,2017q1,9.73,89,0.24,11.38,0.12,0.04,163.19,0.64,,
Canada,2017q1,14.87,89,0.22,13.11,0.30,-0.22,61.72,0.82,,
Denmark,2017q1,10.18,89,0.21,12.70,0.30,0.17,102.14,2.23,,
Finland,2017q1,0.21,89,0.23,11.19,0.19,0.35,76.50,1.02,,
France,2017q1,7.47,89,0.22,11.63,0.31,-0.04,60.21,0.71,,
Germany,2017q1,11.71,89,0.20,13.19,0.29,0.06,85.15,1.05,,
Greece,2017q1,-27.98,89,0.12,10.54,0.26,0.51,62.87,0.41,,
Iceland,2017q1,12.94,89,0.24,12.19,0.22,0.75,102.38,-3.18,,
Ireland,2017q1,46.00,89,0.23,12.31,0.25,-0.36,197.05,-4.97,,
Italy,2017q1,-2.26,89,0.18,10.87,,-0.37,55.37,0.58,,
Japan,2017q1,8.35,89,,12.46,0.23,0.52,35.35,0.71,,
Luxembourg,2017q1,22.70,89,0.17,11.95,0.33,0.42,359.83,-1.54,,
Netherlands,2017q1,6.30,89,0.21,11.91,0.24,-0.60,151.53,0.48,,
New Zealand,2017q1,20.23,89,,12.50,0.24,0.08,55.58,-0.12,,
Norway,2017q1,9.77,89,0.23,12.75,0.17,0.49,68.25,0.30,,
Portugal,2017q1,-0.63,89,0.17,8.88,0.15,0.06,78.39,0.78,,
Spain,2017q1,1.69,89,0.25,9.79,,0.55,61.44,0.78,,
Sweden,2017q1,18.30,89,0.25,12.27,0.21,0.13,82.75,0.06,,
Switzerland,2017q1,11.51,89,,13.37,,0.03,121.20,0.01,,
United Kingdom,2017q1,13.56,89,0.17,13.28,0.36,0.51,59.99,0.24,,
United States,2017q1,14.88,89,,13.22,0.20,-0.28,30.09,0.28,,
Australia,2017q2,22.54,90,,13.18,0.26,0.19,41.45,0.33,,
Austria,2017q2,9.59,90,0.23,11.33,0.12,0.46,103.04,0.73,,
Belgium,2017q2,10.21,90,0.24,11.38,0.30,-0.17,164.01,0.36,,
Canada,2017q2,15.95,90,0.22,13.11,0.18,-0.37,64.31,0.88,,
Denmark,2017q2,9.04,90,0.21,12.70,0.28,0.07,102.60,-1.20,,
Finland,2017q2,0.81,90,0.23,11.19,0.31,0.06,74.01,0.52,,
France,2017q2,8.09,90,0.22,11.63,0.29,-0.16,61.11,0.55,,
Germany,2017q2,12.34,90,0.20,13.19,0.26,-0.28,85.35,0.45,,
Greece,2017q2,-27.24,90,0.12,10.54,0.22,-0.74,66.83,1.02,,
Iceland,2017q2,13.26,90,0.24,12.19,0.25,-0.10,97.09,-0.82,,
Ireland,2017q2,48.63,90,0.23,12.31,0.19,-0.66,216.73,2.88,,
Italy,2017q2,-1.85,90,0.18,10.87,,-0.22,55.94,0.42,,
Japan,2017q2,8.85,90,,12.46,,-0.30,38.64,0.51,,
Luxembourg,2017q2,23.55,90,0.17,11.95,,-0.30,399.80,0.82,,
Netherlands,2017q2,7.75,90,0.21,11.91,,-0.62,149.18,0.84,,
New Zealand,2017q2,21.15,90,,12.50,,-0.17,55.95,0.88,,
Norway,2017q2,10.79,90,0.23,12.75,,0.37,68.54,0.59,,
Portugal,2017q2,-0.31,90,0.17,8.88,,0.49,81.59,0.39,,
Spain,2017q2,2.56,90,0.25,9.79,,0.38,63.20,0.85,,
Sweden,2017q2,19.46,90,0.25,12.27,,0.08,86.48,0.76,,
Switzerland,2017q2,11.97,90,,13.37,,-0.11,118.88,0.26,,
United Kingdom,2017q2,13.80,90,0.17,13.28,,0.20,58.66,0.06,,
United States,2017q2,15.64,90,,13.22,,-0.80,29.71,0.58,,
Australia,2017q3,23.23,91,,13.18,,0.37,41.32,0.27,,
Austria,2017q3,10.30,91,0.23,11.33,,0.30,102.34,0.58,,
Belgium,2017q3,10.38,91,0.24,11.38,,0.45,159.59,0.06,,
Canada,2017q3,16.36,91,0.22,13.11,,-0.24,65.74,0.01,,
Denmark,2017q3,8.22,91,0.21,12.70,,-0.20,103.13,-0.97,,
Finland,2017q3,1.02,91,0.23,11.19,,0.15,73.84,0.11,,
France,2017q3,8.76,91,0.22,11.63,,-0.15,61.78,0.58,,
Germany,2017q3,12.92,91,0.20,13.19,,-0.09,84.70,0.50,,
Greece,2017q3,-26.74,91,0.12,10.54,,0.47,59.70,0.57,,
Iceland,2017q3,16.37,91,0.24,12.19,,-0.14,95.35,2.27,,
Ireland,2017q3,53.15,91,0.23,12.31,,-0.63,219.49,4.23,,
Italy,2017q3,-1.49,91,0.18,10.87,,-0.25,56.40,0.39,,
Japan,2017q3,9.43,91,,12.46,,-0.23,34.32,0.64,,
Luxembourg,2017q3,25.33,91,0.17,11.95,,-0.04,414.86,1.04,,
Netherlands,2017q3,8.34,91,0.21,11.91,,-0.73,152.40,0.44,,
New Zealand,2017q3,21.73,91,,12.50,,-0.50,54.55,0.44,,
Norway,2017q3,11.49,91,0.23,12.75,,0.86,70.49,0.47,,
Portugal,2017q3,0.29,91,0.17,8.88,,0.28,79.62,0.65,,
Spain,2017q3,3.25,91,0.25,9.79,,0.47,62.91,0.66,,
Sweden,2017q3,20.14,91,0.25,12.27,,0.21,85.71,0.33,,
Switzerland,2017q3,12.70,91,,13.37,,-0.09,116.03,0.53,,
United Kingdom,2017q3,14.16,91,0.17,13.28,,0.20,55.92,0.19,,
United States,2017q3,16.34,91,,13.22,,-0.45,27.01,0.50,,
Australia,2017q4,23.89,92,,13.18,,0.55,42.17,0.38,,
Austria,2017q4,11.14,92,0.23,11.33,,0.93,101.95,0.71,,
Belgium,2017q4,10.93,92,0.24,11.38,,0.22,170.17,0.37,,
Canada,2017q4,16.78,92,0.22,13.11,,-0.08,64.37,-0.06,,
Denmark,2017q4,9.11,92,0.21,12.70,,0.03,103.81,0.71,,
Finland,2017q4,1.78,92,0.23,11.19,,0.43,73.67,0.71,,
France,2017q4,9.42,92,0.22,11.63,,0.07,62.27,0.56,,
Germany,2017q4,13.46,92,0.20,13.19,,0.56,85.26,0.43,,
Greece,2017q4,-26.55,92,0.12,10.54,,1.01,66.11,0.26,,
Iceland,2017q4,17.01,92,0.24,12.19,,0.46,83.71,0.12,,
Ireland,2017q4,55.91,92,0.23,12.31,,-0.89,215.92,2.32,,
Italy,2017q4,-1.15,92,0.18,10.87,,-0.10,57.56,0.34,,
Japan,2017q4,9.65,92,,12.46,,0.60,32.09,0.28,,
Luxembourg,2017q4,25.42,92,0.17,11.95,,0.52,414.83,-0.41,,
Netherlands,2017q4,9.25,92,0.21,11.91,,-0.06,150.42,0.67,,
New Zealand,2017q4,22.37,92,,12.50,,0.41,50.58,-0.10,,
Norway,2017q4,11.63,92,0.23,12.75,,0.45,67.39,-0.03,,
Portugal,2017q4,1.04,92,0.17,8.88,,0.41,82.62,0.77,,
Spain,2017q4,3.93,92,0.25,9.79,,1.63,63.21,0.54,,
Sweden,2017q4,20.91,92,0.25,12.27,,0.61,85.92,0.45,,
Switzerland,2017q4,13.31,92,,13.37,,-0.10,127.79,0.41,,
United Kingdom,2017q4,14.51,92,0.17,13.28,,0.69,61.15,0.19,,
United States,2017q4,16.90,92,,13.22,,0.22,26.70,0.37,,
Australia,2018q1,25.04,93,,,,0.63,42.46,0.64,,
Austria,2018q1,12.05,93,,,,0.97,105.21,0.77,,
Belgium,2018q1,11.22,93,,,,0.39,170.75,0.20,,
Canada,2018q1,17.13,93,,,,0.33,63.64,0.14,,
Denmark,2018q1,9.55,93,,,,-0.23,103.45,0.38,,
Finland,2018q1,2.94,93,,,,0.36,76.38,1.20,,
France,2018q1,9.57,93,,,,0.34,63.56,0.06,,
Germany,2018q1,13.82,93,,,,0.49,88.18,0.34,,
Greece,2018q1,-25.68,93,,,,0.88,69.72,0.97,,
Iceland,2018q1,18.09,93,,,,0.63,93.62,0.48,,
Ireland,2018q1,55.33,93,,,,-0.53,208.61,-0.66,,
Italy,2018q1,-0.87,93,,,,-0.30,60.51,0.35,,
Japan,2018q1,9.43,93,,,,0.60,35.49,-0.18,,
Luxembourg,2018q1,27.37,93,,,,0.24,427.86,1.60,,
Netherlands,2018q1,9.83,93,,,,-0.09,155.70,0.50,,
New Zealand,2018q1,22.92,93,,,,0.11,54.77,-0.28,,
Norway,2018q1,11.86,93,,,,0.28,69.33,0.12,,
Portugal,2018q1,1.44,93,,,,0.73,87.62,0.52,,
Spain,2018q1,4.63,93,,,,1.43,65.01,0.61,,
Sweden,2018q1,21.68,93,,,,0.22,86.74,0.53,,
Switzerland,2018q1,13.87,93,,,,0.18,119.20,0.43,,
United Kingdom,2018q1,14.75,93,,,,0.77,61.81,0.07,,
United States,2018q1,17.45,93,,,,0.37,27.54,0.39,,
Australia,2018q2,25.90,94,,,,,,,,
Austria,2018q2,12.53,94,,,,,,0.33,,
Belgium,2018q2,11.63,94,,,,,,0.31,,
Canada,2018q2,17.85,94,,,,,,0.43,,
Denmark,2018q2,9.61,94,,,,,,-0.01,,
Finland,2018q2,3.28,94,,,,,,0.31,,
France,2018q2,9.73,94,,,,,,0.06,,
Germany,2018q2,14.28,94,,,,,,0.43,,
Greece,2018q2,-25.46,94,,,,,,0.36,,
Iceland,2018q2,19.99,94,,,,,,,,
Ireland,2018q2,57.83,94,,,,,,,,
Italy,2018q2,-0.70,94,,,,,,0.23,,
Japan,2018q2,10.17,94,,,,,,,,
Luxembourg,2018q2,27.82,94,,,,,,,,
Netherlands,2018q2,10.53,94,,,,,,0.61,,
New Zealand,2018q2,23.73,94,,,,,,,,
Norway,2018q2,12.24,94,,,,,,0.21,,
Portugal,2018q2,1.94,94,,,,,,0.54,,
Spain,2018q2,5.19,94,,,,,,0.43,,
Sweden,2018q2,22.71,94,,,,,,,,
Switzerland,2018q2,14.57,94,,,,,,,,
United Kingdom,2018q2,15.11,94,,,,,,0.20,,
United States,2018q2,18.50,94,,,,,,0.88,,
Australia,2018q3,26.16,95,,,,,,,,
Austria,2018q3,12.85,95,,,,,,,,
Belgium,2018q3,11.91,95,,,,,,,,
Canada,2018q3,18.34,95,,,,,,,,
Denmark,2018q3,10.33,95,,,,,,,,
Finland,2018q3,3.70,95,,,,,,,,
France,2018q3,10.05,95,,,,,,,,
Germany,2018q3,14.08,95,,,,,,,,
Greece,2018q3,-24.41,95,,,,,,,,
Iceland,2018q3,19.98,95,,,,,,,,
Ireland,2018q3,58.74,95,,,,,,,,
Italy,2018q3,-0.82,95,,,,,,,,
Japan,2018q3,9.54,95,,,,,,,,
Luxembourg,2018q3,28.41,95,,,,,,,,
Netherlands,2018q3,10.69,95,,,,,,,,
New Zealand,2018q3,24.06,95,,,,,,,,
Norway,2018q3,12.82,95,,,,,,,,
Portugal,2018q3,2.23,95,,,,,,,,
Spain,2018q3,5.74,95,,,,,,,,
Sweden,2018q3,22.48,95,,,,,,,,
Switzerland,2018q3,14.35,95,,,,,,,,
United Kingdom,2018q3,15.72,95,,,,,,,,
United States,2018q3,19.32,95,,,,,,,,
